{
    "args": {
        "audio_backend": "soundfile",
        "bandwidth": 16000,
        "batch_size": 16,
        "dataset": "sourcefolder",
        "debug": false,
        "epochs": 100,
        "ext": "wav",
        "hidden_size": 512,
        "interferer_dirs": [
            "interfer"
        ],
        "lr": 0.001,
        "lr_decay_gamma": 0.3,
        "lr_decay_patience": 50,
        "model": null,
        "nb_channels": 1,
        "nb_train_samples": 1000,
        "nb_valid_samples": 100,
        "nb_workers": 0,
        "nfft": 512,
        "nhop": 160,
        "no_cuda": false,
        "output": "open-unmix-512",
        "patience": 140,
        "quiet": false,
        "root": "/Users/markusfreyr/Desktop/School-stuff/MIR/Finalproj/open-unmix-pytorch/data",
        "seed": 42,
        "seq_dur": 4.0,
        "source_augmentations": null,
        "target": "speaking",
        "target_dir": "speaking",
        "unidirectional": false,
        "weight_decay": 1e-05
    },
    "best_epoch": 91,
    "best_loss": 0.2332756709633395,
    "commit": "2aa3fe2",
    "epochs_trained": 100,
    "num_bad_epochs": 9,
    "train_loss_history": [
        1.4814403927515423,
        1.0178721480899386,
        0.8329295061883473,
        0.7169365343593416,
        0.628035660300936,
        0.5638008432255851,
        0.5514846221795158,
        0.49119686820204295,
        0.4501499744161727,
        0.3921427996385665,
        0.3761911690235138,
        0.37174343849931446,
        0.36660667165877325,
        0.34381800842663596,
        0.3345398647444589,
        0.31001629810484627,
        0.291963935253166,
        0.2767432205497272,
        0.28147731934274944,
        0.2720248109054944,
        0.24764912256172725,
        0.24916427357802315,
        0.2444462009838649,
        0.23236356592840618,
        0.22730066828311435,
        0.24124103406118969,
        0.22352616914681026,
        0.22660450897519552,
        0.22315823428687595,
        0.2057048880628177,
        0.21659851204308253,
        0.2541929514162124,
        0.25349065235682894,
        0.2333006321910828,
        0.2055142420151877,
        0.19292775778070329,
        0.1857639060370506,
        0.18898086592791571,
        0.18326535454345128,
        0.1773570386899842,
        0.16480118249143874,
        0.16530524891993356,
        0.16222968094405674,
        0.156659373451793,
        0.16127219938096546,
        0.14836142697031535,
        0.14228636168298267,
        0.13911619711489903,
        0.13491374183268773,
        0.13288595633847372,
        0.13311121920271526,
        0.1465474028909017,
        0.16757411356010135,
        0.15754597586771799,
        0.14224929918372442,
        0.14026426464792283,
        0.13736219562235333,
        0.14138915768218419,
        0.1381312950499474,
        0.13571461337426352,
        0.1293199472129345,
        0.12316946774011567,
        0.11968600448398363,
        0.1178921592377481,
        0.11666474680578898,
        0.1149934387159726,
        0.11538329649539221,
        0.10988458275558456,
        0.11120478909403558,
        0.11134430316705553,
        0.11072872005521305,
        0.11342521360705769,
        0.11503218563776167,
        0.1218565468868566,
        0.12778309649891323,
        0.13386020419143496,
        0.16159160931905112,
        0.18971564987349132,
        0.20919450076799545,
        0.21751190970341364,
        0.1994827131903361,
        0.18123243418004778,
        0.15724390343068137,
        0.13639180847103632,
        0.12837683427191915,
        0.12134306901504123,
        0.11706045500579335,
        0.11031121269814552,
        0.10636215030200898,
        0.1045123916414995,
        0.10712485695405612,
        0.10411058129772308,
        0.10256517069443824,
        0.09996547632747227,
        0.0970153155780974,
        0.09526060663518451,
        0.09445789757938612,
        0.09322303125546091,
        0.0933771984917777,
        0.09858856835062542
    ],
    "train_time_history": [
        791.0218188762665,
        776.3080739974976,
        772.5888779163361,
        773.1739268302917,
        805.9487497806549,
        789.8471839427948,
        783.3205358982086,
        826.9815309047699,
        831.227413892746,
        812.826580286026,
        814.0472681522369,
        826.0791509151459,
        782.8934299945831,
        802.9394760131836,
        774.7812840938568,
        778.6902751922607,
        775.1498820781708,
        726.676570892334,
        723.6808671951294,
        723.8967502117157,
        723.5770680904388,
        723.7415788173676,
        723.3442797660828,
        723.1882257461548,
        722.9366130828857,
        723.2985241413116,
        724.2353279590607,
        753.0257861614227,
        755.3605709075928,
        726.9395053386688,
        723.525542974472,
        724.7323591709137,
        722.1354432106018,
        725.4629890918732,
        722.8433690071106,
        723.5301847457886,
        723.2169580459595,
        722.4733350276947,
        721.5017380714417,
        722.4389641284943,
        723.146861076355,
        724.3809902667999,
        723.9123408794403,
        723.7325019836426,
        723.1640288829803,
        723.6167280673981,
        723.8282001018524,
        723.6964240074158,
        724.2171702384949,
        723.9741549491882,
        724.4492650032043,
        725.4724099636078,
        725.0402069091797,
        724.279107093811,
        724.3580141067505,
        724.931694984436,
        724.1510570049286,
        724.5401990413666,
        724.4251911640167,
        723.9520151615143,
        724.6395478248596,
        724.0063920021057,
        724.7082996368408,
        723.8992419242859,
        724.0547499656677,
        723.9828290939331,
        724.4083881378174,
        724.1282749176025,
        724.2346730232239,
        723.757749080658,
        725.1446168422699,
        725.0799942016602,
        724.8494288921356,
        723.8977720737457,
        723.9651188850403,
        724.6124148368835,
        724.7714278697968,
        725.2229640483856,
        724.3819582462311,
        724.5674760341644,
        724.7302231788635,
        724.6280040740967,
        750.9470300674438,
        792.8560798168182,
        771.3272700309753,
        759.2183437347412,
        773.3043320178986,
        772.5450487136841,
        734.4577348232269,
        726.276777267456,
        726.8568270206451,
        742.3709580898285,
        799.9198389053345,
        828.6008923053741,
        801.147852897644,
        778.4694731235504,
        768.5433888435364,
        811.149523973465,
        781.3683352470398
    ],